ALTER SESSION SET NLS_DATE_FORMAT = 'YYYY-MM-DD HH24:MI:SS';
ALTER SESSION SET NLS_TIMESTAMP_FORMAT = 'YYYY-MM-DD HH24:MI:SS';

INSERT INTO ADRESSE (STADT_ID, ADRESSE_ID, STRA_E, HAUSNUMMER) VALUES (1, 3, 'Sonnenweg', '12');
INSERT INTO ADRESSE (STADT_ID, ADRESSE_ID, STRA_E, HAUSNUMMER) VALUES (1, 4, 'Sonnenweg', '45');
INSERT INTO ADRESSE (STADT_ID, ADRESSE_ID, STRA_E, HAUSNUMMER) VALUES (1, 5, 'Gartenstraße', '2');
INSERT INTO ADRESSE (STADT_ID, ADRESSE_ID, STRA_E, HAUSNUMMER) VALUES (1, 6, 'Marktplatz', '1');
INSERT INTO ADRESSE (STADT_ID, ADRESSE_ID, STRA_E, HAUSNUMMER) VALUES (1, 7, 'Sternenweg', '101');
INSERT INTO ADRESSE (STADT_ID, ADRESSE_ID, STRA_E, HAUSNUMMER) VALUES (1, 8, 'Sternenweg', '102');
INSERT INTO ADRESSE (STADT_ID, ADRESSE_ID, STRA_E, HAUSNUMMER) VALUES (1, 9, 'Eichenallee', '5');
INSERT INTO ADRESSE (STADT_ID, ADRESSE_ID, STRA_E, HAUSNUMMER) VALUES (1, 10, 'Eichenallee', '7');
INSERT INTO ADRESSE (STADT_ID, ADRESSE_ID, STRA_E, HAUSNUMMER) VALUES (2, 11, 'Industriepark', '8');
INSERT INTO ADRESSE (STADT_ID, ADRESSE_ID, STRA_E, HAUSNUMMER) VALUES (2, 12, 'Hafenstraße', '14');
INSERT INTO ADRESSE (STADT_ID, ADRESSE_ID, STRA_E, HAUSNUMMER) VALUES (2, 13, 'Waldweg', '3');
INSERT INTO ADRESSE (STADT_ID, ADRESSE_ID, STRA_E, HAUSNUMMER) VALUES (2, 14, 'Waldweg', '5');
INSERT INTO ADRESSE (STADT_ID, ADRESSE_ID, STRA_E, HAUSNUMMER) VALUES (2, 15, 'Nordring', '22');
INSERT INTO ADRESSE (STADT_ID, ADRESSE_ID, STRA_E, HAUSNUMMER) VALUES (2, 16, 'Nordring', '24');
INSERT INTO ADRESSE (STADT_ID, ADRESSE_ID, STRA_E, HAUSNUMMER) VALUES (2, 17, 'Kanalpfad', '9');
INSERT INTO ADRESSE (STADT_ID, ADRESSE_ID, STRA_E, HAUSNUMMER) VALUES (2, 18, 'Südblick', '11');
INSERT INTO ADRESSE (STADT_ID, ADRESSE_ID, STRA_E, HAUSNUMMER) VALUES (3, 19, 'Bergstraße', '1');
INSERT INTO ADRESSE (STADT_ID, ADRESSE_ID, STRA_E, HAUSNUMMER) VALUES (3, 20, 'Kiefernweg', '44');
INSERT INTO ADRESSE (STADT_ID, ADRESSE_ID, STRA_E, HAUSNUMMER) VALUES (3, 21, 'Ahornweg', '7');
INSERT INTO ADRESSE (STADT_ID, ADRESSE_ID, STRA_E, HAUSNUMMER) VALUES (3, 22, 'Ahornweg', '12');
INSERT INTO ADRESSE (STADT_ID, ADRESSE_ID, STRA_E, HAUSNUMMER) VALUES (3, 23, 'Wasserzeile', '5');
INSERT INTO ADRESSE (STADT_ID, ADRESSE_ID, STRA_E, HAUSNUMMER) VALUES (3, 24, 'Brückengasse', '2');
INSERT INTO ADRESSE (STADT_ID, ADRESSE_ID, STRA_E, HAUSNUMMER) VALUES (3, 25, 'Feldrain', '15');
INSERT INTO ADRESSE (STADT_ID, ADRESSE_ID, STRA_E, HAUSNUMMER) VALUES (3, 26, 'Wiesenweg', '30');
INSERT INTO ADRESSE (STADT_ID, ADRESSE_ID, STRA_E, HAUSNUMMER) VALUES (3, 27, 'Talstraße', '4');


INSERT INTO BEWOHNER (ADRESSE_ID, BEWOHNER_ID, VORNAME, NACHNAME, GEB) VALUES (3, 4, 'Lukas', 'Weber', '1995-03-12');
INSERT INTO BEWOHNER (ADRESSE_ID, BEWOHNER_ID, VORNAME, NACHNAME, GEB) VALUES (3, 5, 'Marie', 'Weber', '1998-11-20');
INSERT INTO BEWOHNER (ADRESSE_ID, BEWOHNER_ID, VORNAME, NACHNAME, GEB) VALUES (4, 6, 'Elias', 'Müller', '2010-06-15');
INSERT INTO BEWOHNER (ADRESSE_ID, BEWOHNER_ID, VORNAME, NACHNAME, GEB) VALUES (5, 7, 'Sophia', 'Schmidt', '1982-01-30');
INSERT INTO BEWOHNER (ADRESSE_ID, BEWOHNER_ID, VORNAME, NACHNAME, GEB) VALUES (5, 8, 'Jonas', 'Schmidt', '1980-05-22');
INSERT INTO BEWOHNER (ADRESSE_ID, BEWOHNER_ID, VORNAME, NACHNAME, GEB) VALUES (5, 9, 'Emma', 'Schmidt', '2015-09-10');
INSERT INTO BEWOHNER (ADRESSE_ID, BEWOHNER_ID, VORNAME, NACHNAME, GEB) VALUES (6, 10, 'Liam', 'Fischer', '2001-04-05');
INSERT INTO BEWOHNER (ADRESSE_ID, BEWOHNER_ID, VORNAME, NACHNAME, GEB) VALUES (7, 11, 'Olivia', 'Meyer', '1975-12-12');
INSERT INTO BEWOHNER (ADRESSE_ID, BEWOHNER_ID, VORNAME, NACHNAME, GEB) VALUES (8, 12, 'Ben', 'Wagner', '1992-08-25');
INSERT INTO BEWOHNER (ADRESSE_ID, BEWOHNER_ID, VORNAME, NACHNAME, GEB) VALUES (9, 13, 'Amelie', 'Becker', '1988-02-14');
INSERT INTO BEWOHNER (ADRESSE_ID, BEWOHNER_ID, VORNAME, NACHNAME, GEB) VALUES (9, 14, 'Finn', 'Becker', '1985-07-30');
INSERT INTO BEWOHNER (ADRESSE_ID, BEWOHNER_ID, VORNAME, NACHNAME, GEB) VALUES (10, 15, 'Charlotte', 'Schulz', '1960-03-03');
INSERT INTO BEWOHNER (ADRESSE_ID, BEWOHNER_ID, VORNAME, NACHNAME, GEB) VALUES (10, 16, 'Henry', 'Schulz', '1958-10-18');
INSERT INTO BEWOHNER (ADRESSE_ID, BEWOHNER_ID, VORNAME, NACHNAME, GEB) VALUES (11, 17, 'Mia', 'Hoffmann', '2020-01-01');
INSERT INTO BEWOHNER (ADRESSE_ID, BEWOHNER_ID, VORNAME, NACHNAME, GEB) VALUES (12, 18, 'Paul', 'Schäfer', '1999-12-31');
INSERT INTO BEWOHNER (ADRESSE_ID, BEWOHNER_ID, VORNAME, NACHNAME, GEB) VALUES (13, 19, 'Emilia', 'Koch', '1993-05-15');
INSERT INTO BEWOHNER (ADRESSE_ID, BEWOHNER_ID, VORNAME, NACHNAME, GEB) VALUES (13, 20, 'Luca', 'Koch', '1990-11-02');
INSERT INTO BEWOHNER (ADRESSE_ID, BEWOHNER_ID, VORNAME, NACHNAME, GEB) VALUES (14, 21, 'Mila', 'Bauer', '2012-08-08');
INSERT INTO BEWOHNER (ADRESSE_ID, BEWOHNER_ID, VORNAME, NACHNAME, GEB) VALUES (15, 22, 'David', 'Richter', '1977-06-21');
INSERT INTO BEWOHNER (ADRESSE_ID, BEWOHNER_ID, VORNAME, NACHNAME, GEB) VALUES (15, 23, 'Sara', 'Richter', '1979-09-09');
INSERT INTO BEWOHNER (ADRESSE_ID, BEWOHNER_ID, VORNAME, NACHNAME, GEB) VALUES (16, 24, 'Leon', 'Klein', '2005-02-28');
INSERT INTO BEWOHNER (ADRESSE_ID, BEWOHNER_ID, VORNAME, NACHNAME, GEB) VALUES (17, 25, 'Clara', 'Wolf', '1984-11-11');
INSERT INTO BEWOHNER (ADRESSE_ID, BEWOHNER_ID, VORNAME, NACHNAME, GEB) VALUES (18, 26, 'Felix', 'Schröder', '1996-04-14');
INSERT INTO BEWOHNER (ADRESSE_ID, BEWOHNER_ID, VORNAME, NACHNAME, GEB) VALUES (19, 27, 'Lina', 'Neumann', '2003-07-07');
INSERT INTO BEWOHNER (ADRESSE_ID, BEWOHNER_ID, VORNAME, NACHNAME, GEB) VALUES (20, 28, 'Anton', 'Schwarz', '1965-05-25');
INSERT INTO BEWOHNER (ADRESSE_ID, BEWOHNER_ID, VORNAME, NACHNAME, GEB) VALUES (20, 29, 'Hanna', 'Schwarz', '1968-01-14');
INSERT INTO BEWOHNER (ADRESSE_ID, BEWOHNER_ID, VORNAME, NACHNAME, GEB) VALUES (21, 30, 'Leo', 'Zimmermann', '2026-06-01');
INSERT INTO BEWOHNER (ADRESSE_ID, BEWOHNER_ID, VORNAME, NACHNAME, GEB) VALUES (21, 31, 'Lea', 'Zimmermann', '2028-10-12');
INSERT INTO BEWOHNER (ADRESSE_ID, BEWOHNER_ID, VORNAME, NACHNAME, GEB) VALUES (22, 32, 'Matteo', 'Braun', '1989-03-22');
INSERT INTO BEWOHNER (ADRESSE_ID, BEWOHNER_ID, VORNAME, NACHNAME, GEB) VALUES (23, 33, 'Elena', 'Krüger', '1991-09-17');
INSERT INTO BEWOHNER (ADRESSE_ID, BEWOHNER_ID, VORNAME, NACHNAME, GEB) VALUES (23, 34, 'Julian', 'Krüger', '1988-12-05');
INSERT INTO BEWOHNER (ADRESSE_ID, BEWOHNER_ID, VORNAME, NACHNAME, GEB) VALUES (24, 35, 'Zoe', 'Hofmann', '2008-02-20');
INSERT INTO BEWOHNER (ADRESSE_ID, BEWOHNER_ID, VORNAME, NACHNAME, GEB) VALUES (25, 36, 'Moritz', 'Hartmann', '1972-11-30');
INSERT INTO BEWOHNER (ADRESSE_ID, BEWOHNER_ID, VORNAME, NACHNAME, GEB) VALUES (25, 37, 'Luis', 'Hartmann', '2004-05-15');
INSERT INTO BEWOHNER (ADRESSE_ID, BEWOHNER_ID, VORNAME, NACHNAME, GEB) VALUES (26, 38, 'Maya', 'Lange', '1997-08-08');
INSERT INTO BEWOHNER (ADRESSE_ID, BEWOHNER_ID, VORNAME, NACHNAME, GEB) VALUES (27, 39, 'Oskar', 'Schmitt', '1955-04-02');
INSERT INTO BEWOHNER (ADRESSE_ID, BEWOHNER_ID, VORNAME, NACHNAME, GEB) VALUES (27, 40, 'Ruth', 'Schmitt', '1957-07-20');
INSERT INTO BEWOHNER (ADRESSE_ID, BEWOHNER_ID, VORNAME, NACHNAME, GEB) VALUES (3, 41, 'Erik', 'Vogel', '1990-01-25');
INSERT INTO BEWOHNER (ADRESSE_ID, BEWOHNER_ID, VORNAME, NACHNAME, GEB) VALUES (4, 42, 'Leni', 'Friedrich', '2018-03-14');
INSERT INTO BEWOHNER (ADRESSE_ID, BEWOHNER_ID, VORNAME, NACHNAME, GEB) VALUES (6, 43, 'Theo', 'Günther', '1983-06-18');
INSERT INTO BEWOHNER (ADRESSE_ID, BEWOHNER_ID, VORNAME, NACHNAME, GEB) VALUES (7, 44, 'Ida', 'Berger', '1994-10-05');
INSERT INTO BEWOHNER (ADRESSE_ID, BEWOHNER_ID, VORNAME, NACHNAME, GEB) VALUES (8, 45, 'Mats', 'Egert', '2021-12-12');
INSERT INTO BEWOHNER (ADRESSE_ID, BEWOHNER_ID, VORNAME, NACHNAME, GEB) VALUES (11, 46, 'Frieda', 'Lorenz', '1970-02-22');
INSERT INTO BEWOHNER (ADRESSE_ID, BEWOHNER_ID, VORNAME, NACHNAME, GEB) VALUES (12, 47, 'Bruno', 'Voigt', '1962-09-13');
INSERT INTO BEWOHNER (ADRESSE_ID, BEWOHNER_ID, VORNAME, NACHNAME, GEB) VALUES (14, 48, 'Jana', 'Haas', '1987-11-11');
INSERT INTO BEWOHNER (ADRESSE_ID, BEWOHNER_ID, VORNAME, NACHNAME, GEB) VALUES (16, 49, 'Nico', 'Westphal', '2002-05-05');
INSERT INTO BEWOHNER (ADRESSE_ID, BEWOHNER_ID, VORNAME, NACHNAME, GEB) VALUES (18, 50, 'Klara', 'Sommer', '1995-07-24');
INSERT INTO BEWOHNER (ADRESSE_ID, BEWOHNER_ID, VORNAME, NACHNAME, GEB) VALUES (19, 51, 'Toni', 'Herrmann', '2011-01-09');
INSERT INTO BEWOHNER (ADRESSE_ID, BEWOHNER_ID, VORNAME, NACHNAME, GEB) VALUES (22, 52, 'Paula', 'Heinrich', '1981-08-16');
INSERT INTO BEWOHNER (ADRESSE_ID, BEWOHNER_ID, VORNAME, NACHNAME, GEB) VALUES (24, 53, 'Viktor', 'Kaiser', '1978-03-27');


INSERT INTO MITARBEITER (MITARBEITER_ID, BEREICH_ID, BEWOHNER_ID, BERUFUNG_ID, ABT_BEREICH_ID, LOGIN, PASSWORT, GEHALT) VALUES (1, 1, 1, 2, 1, 'l.kowalski', '$2y$10$nIhCc0oG0WOKiTue093Jy.qsMMkN4cD1snz/aqKZx0lbpKbZIBr/e', 5200);
INSERT INTO MITARBEITER (MITARBEITER_ID, BEREICH_ID, BEWOHNER_ID, BERUFUNG_ID, ABT_BEREICH_ID, LOGIN, PASSWORT, GEHALT) VALUES (2, 1, 2, 1, 1, 'engineer01', 'redplanet', 6100);
INSERT INTO MITARBEITER (MITARBEITER_ID, BEREICH_ID, BEWOHNER_ID, BERUFUNG_ID, ABT_BEREICH_ID, LOGIN, PASSWORT, GEHALT) VALUES (3, 1, 4, 1, 1, 'l.weber', '$2y$10$nIhCc0oG0WOKiTue093Jy.qsMMkN4cD1snz/aqKZx0lbpKbZIBr/e', 4800);
INSERT INTO MITARBEITER (MITARBEITER_ID, BEREICH_ID, BEWOHNER_ID, BERUFUNG_ID, ABT_BEREICH_ID, LOGIN, PASSWORT, GEHALT) VALUES (4, 1, 7, 2, 1, 's.schmidt', '$2y$10$nIhCc0oG0WOKiTue093Jy.qsMMkN4cD1snz/aqKZx0lbpKbZIBr/e', 5500);
INSERT INTO MITARBEITER (MITARBEITER_ID, BEREICH_ID, BEWOHNER_ID, BERUFUNG_ID, ABT_BEREICH_ID, LOGIN, PASSWORT, GEHALT) VALUES (5, 1, 10, 1, 1, 'l.fischer', '$2y$10$nIhCc0oG0WOKiTue093Jy.qsMMkN4cD1snz/aqKZx0lbpKbZIBr/e', 4200);
INSERT INTO MITARBEITER (MITARBEITER_ID, BEREICH_ID, BEWOHNER_ID, BERUFUNG_ID, ABT_BEREICH_ID, LOGIN, PASSWORT, GEHALT) VALUES (6, 1, 12, 2, 1, 'b.wagner', '$2y$10$nIhCc0oG0WOKiTue093Jy.qsMMkN4cD1snz/aqKZx0lbpKbZIBr/e', 5900);
INSERT INTO MITARBEITER (MITARBEITER_ID, BEREICH_ID, BEWOHNER_ID, BERUFUNG_ID, ABT_BEREICH_ID, LOGIN, PASSWORT, GEHALT) VALUES (7, 1, 14, 1, 1, 'f.becker', '$2y$10$nIhCc0oG0WOKiTue093Jy.qsMMkN4cD1snz/aqKZx0lbpKbZIBr/e', 5100);
INSERT INTO MITARBEITER (MITARBEITER_ID, BEREICH_ID, BEWOHNER_ID, BERUFUNG_ID, ABT_BEREICH_ID, LOGIN, PASSWORT, GEHALT) VALUES (8, 1, 19, 2, 1, 'e.koch', '$2y$10$nIhCc0oG0WOKiTue093Jy.qsMMkN4cD1snz/aqKZx0lbpKbZIBr/e', 4750);
INSERT INTO MITARBEITER (MITARBEITER_ID, BEREICH_ID, BEWOHNER_ID, BERUFUNG_ID, ABT_BEREICH_ID, LOGIN, PASSWORT, GEHALT) VALUES (9, 1, 25, 1, 1, 'c.wolf', '$2y$10$nIhCc0oG0WOKiTue093Jy.qsMMkN4cD1snz/aqKZx0lbpKbZIBr/e', 6300);
INSERT INTO MITARBEITER (MITARBEITER_ID, BEREICH_ID, BEWOHNER_ID, BERUFUNG_ID, ABT_BEREICH_ID, LOGIN, PASSWORT, GEHALT) VALUES (10, 1, 32, 2, 1, 'm.braun', '$2y$10$nIhCc0oG0WOKiTue093Jy.qsMMkN4cD1snz/aqKZx0lbpKbZIBr/e', 4950);
INSERT INTO MITARBEITER (MITARBEITER_ID, BEREICH_ID, BEWOHNER_ID, BERUFUNG_ID, ABT_BEREICH_ID, LOGIN, PASSWORT, GEHALT) VALUES (11, 1, 38, 1, 1, 'm.lange', '$2y$10$nIhCc0oG0WOKiTue093Jy.qsMMkN4cD1snz/aqKZx0lbpKbZIBr/e', 5200);
INSERT INTO MITARBEITER (MITARBEITER_ID, BEREICH_ID, BEWOHNER_ID, BERUFUNG_ID, ABT_BEREICH_ID, LOGIN, PASSWORT, GEHALT) VALUES (12, 1, 53, 2, 1, 'v.kaiser', '$2y$10$nIhCc0oG0WOKiTue093Jy.qsMMkN4cD1snz/aqKZx0lbpKbZIBr/e', 7100);
INSERT INTO MITARBEITER (MITARBEITER_ID, BEREICH_ID, BEWOHNER_ID, BERUFUNG_ID, ABT_BEREICH_ID, LOGIN, PASSWORT, GEHALT) VALUES (13, 2, 17, 1, 2, 'm.hoffmann', 'mars2026', 5800);
INSERT INTO MITARBEITER (MITARBEITER_ID, BEREICH_ID, BEWOHNER_ID, BERUFUNG_ID, ABT_BEREICH_ID, LOGIN, PASSWORT, GEHALT) VALUES (14, 2, 18, 2, 2, 'p.schaefer', 'mars2026', 4900);
INSERT INTO MITARBEITER (MITARBEITER_ID, BEREICH_ID, BEWOHNER_ID, BERUFUNG_ID, ABT_BEREICH_ID, LOGIN, PASSWORT, GEHALT) VALUES (15, 2, 27, 1, 2, 'l.neumann', 'mars2026', 6200);


INSERT INTO RESSOURCE (RESSOURCE_ID, INVENTAR_ID, R_TYP, MENGE, GEWICHT, VOLUMEN, ABLAUFDATUM, PRIORITAET, MENGE_EINHEIT, MIN_SCHWELLENWERT, VERBRAUCH_PRO_SOL) VALUES (1, 1, 'Sauerstoff', 1200, 300, 50, '2095-12-31 00:00:00', 1, NULL, NULL, NULL);
INSERT INTO RESSOURCE (RESSOURCE_ID, INVENTAR_ID, R_TYP, MENGE, GEWICHT, VOLUMEN, ABLAUFDATUM, PRIORITAET, MENGE_EINHEIT, MIN_SCHWELLENWERT, VERBRAUCH_PRO_SOL) VALUES (2, 1, 'Wasser', 900, 900, 80, '2090-01-01 00:00:00', 1, 'L', 100000, 10000);
INSERT INTO RESSOURCE (RESSOURCE_ID, INVENTAR_ID, R_TYP, MENGE, GEWICHT, VOLUMEN, ABLAUFDATUM, PRIORITAET, MENGE_EINHEIT, MIN_SCHWELLENWERT, VERBRAUCH_PRO_SOL) VALUES (3, 2, 'Nahrung', 600, 500, 70, '2087-06-30 00:00:00', 2, 'KG', NULL, NULL);
INSERT INTO RESSOURCE (RESSOURCE_ID, INVENTAR_ID, R_TYP, MENGE, GEWICHT, VOLUMEN, ABLAUFDATUM, PRIORITAET, MENGE_EINHEIT, MIN_SCHWELLENWERT, VERBRAUCH_PRO_SOL) VALUES (4, 2, 'Medizin', 100, 50, 10, '2026-02-01 00:00:00', 1, 'KG', NULL, NULL);
INSERT INTO RESSOURCE (RESSOURCE_ID, INVENTAR_ID, R_TYP, MENGE, GEWICHT, VOLUMEN, ABLAUFDATUM, PRIORITAET, MENGE_EINHEIT, MIN_SCHWELLENWERT, VERBRAUCH_PRO_SOL) VALUES (5, 1, 'Methan (Treibstoff)', 5000, 2100, 150, '2030-12-31 00:00:00', 1, 'L', 1000, 50);
INSERT INTO RESSOURCE (RESSOURCE_ID, INVENTAR_ID, R_TYP, MENGE, GEWICHT, VOLUMEN, ABLAUFDATUM, PRIORITAET, MENGE_EINHEIT, MIN_SCHWELLENWERT, VERBRAUCH_PRO_SOL) VALUES (6, NULL, 'Solarmodule Ersatz', 25, 1200, 200, NULL, 2, 'STK', 5, NULL);
INSERT INTO RESSOURCE (RESSOURCE_ID, INVENTAR_ID, R_TYP, MENGE, GEWICHT, VOLUMEN, ABLAUFDATUM, PRIORITAET, MENGE_EINHEIT, MIN_SCHWELLENWERT, VERBRAUCH_PRO_SOL) VALUES (7, NULL, 'Batteriezellen', 150, 800, 40, '2040-01-01 00:00:00', 1, 'STK', 20, NULL);
INSERT INTO RESSOURCE (RESSOURCE_ID, INVENTAR_ID, R_TYP, MENGE, GEWICHT, VOLUMEN, ABLAUFDATUM, PRIORITAET, MENGE_EINHEIT, MIN_SCHWELLENWERT, VERBRAUCH_PRO_SOL) VALUES (8, 1, 'Stickstoff', 2000, 1800, 100, '2099-12-31 00:00:00', 2, 'L', 500, 10);
INSERT INTO RESSOURCE (RESSOURCE_ID, INVENTAR_ID, R_TYP, MENGE, GEWICHT, VOLUMEN, ABLAUFDATUM, PRIORITAET, MENGE_EINHEIT, MIN_SCHWELLENWERT, VERBRAUCH_PRO_SOL) VALUES (9, 3, 'Eisen-Regolith', 15000, 15000, 500, NULL, 3, 'KG', 2000, NULL);
INSERT INTO RESSOURCE (RESSOURCE_ID, INVENTAR_ID, R_TYP, MENGE, GEWICHT, VOLUMEN, ABLAUFDATUM, PRIORITAET, MENGE_EINHEIT, MIN_SCHWELLENWERT, VERBRAUCH_PRO_SOL) VALUES (10, 3, 'Aluminiumplatten', 500, 1350, 80, NULL, 2, 'STK', 50, NULL);
INSERT INTO RESSOURCE (RESSOURCE_ID, INVENTAR_ID, R_TYP, MENGE, GEWICHT, VOLUMEN, ABLAUFDATUM, PRIORITAET, MENGE_EINHEIT, MIN_SCHWELLENWERT, VERBRAUCH_PRO_SOL) VALUES (11, 1, 'Ersatzfilter (CO2)', 80, 160, 20, '2028-05-15 00:00:00', 1, 'STK', 15, 2);
INSERT INTO RESSOURCE (RESSOURCE_ID, INVENTAR_ID, R_TYP, MENGE, GEWICHT, VOLUMEN, ABLAUFDATUM, PRIORITAET, MENGE_EINHEIT, MIN_SCHWELLENWERT, VERBRAUCH_PRO_SOL) VALUES (12, 1, 'Samen (Hydrokultur)', 50, 5, 2, '2027-12-24 00:00:00', 2, 'KG', 10, NULL);
INSERT INTO RESSOURCE (RESSOURCE_ID, INVENTAR_ID, R_TYP, MENGE, GEWICHT, VOLUMEN, ABLAUFDATUM, PRIORITAET, MENGE_EINHEIT, MIN_SCHWELLENWERT, VERBRAUCH_PRO_SOL) VALUES (13, NULL, 'Schmiermittel', 200, 180, 15, '2029-01-01 00:00:00', 3, 'L', 30, 1);
INSERT INTO RESSOURCE (RESSOURCE_ID, INVENTAR_ID, R_TYP, MENGE, GEWICHT, VOLUMEN, ABLAUFDATUM, PRIORITAET, MENGE_EINHEIT, MIN_SCHWELLENWERT, VERBRAUCH_PRO_SOL) VALUES (14, NULL, 'Ersatzvisiere', 15, 30, 10, NULL, 2, 'STK', 3, NULL);
INSERT INTO RESSOURCE (RESSOURCE_ID, INVENTAR_ID, R_TYP, MENGE, GEWICHT, VOLUMEN, ABLAUFDATUM, PRIORITAET, MENGE_EINHEIT, MIN_SCHWELLENWERT, VERBRAUCH_PRO_SOL) VALUES (15, NULL, 'Dichtungsmaterial', 300, 50, 5, '2035-06-01 00:00:00', 1, 'M', 50, NULL);
INSERT INTO RESSOURCE (RESSOURCE_ID, INVENTAR_ID, R_TYP, MENGE, GEWICHT, VOLUMEN, ABLAUFDATUM, PRIORITAET, MENGE_EINHEIT, MIN_SCHWELLENWERT, VERBRAUCH_PRO_SOL) VALUES (16, 1, 'Kühlflüssigkeit', 1200, 1200, 60, NULL, 1, 'L', 200, 5);


INSERT INTO INVENTARLOG (LOG_ID, RESSOURCE_ID, INVENTAR_ID, DATUM) VALUES (1, 1, 1, '2026-01-01 08:30:00');
INSERT INTO INVENTARLOG (LOG_ID, RESSOURCE_ID, INVENTAR_ID, DATUM) VALUES (2, 2, 1, '2026-01-02 12:15:00');
INSERT INTO INVENTARLOG (LOG_ID, RESSOURCE_ID, INVENTAR_ID, DATUM) VALUES (3, 5, 1, '2026-01-03 14:00:00');
INSERT INTO INVENTARLOG (LOG_ID, RESSOURCE_ID, INVENTAR_ID, DATUM) VALUES (4, 11, 1, '2026-01-04 09:45:00');
INSERT INTO INVENTARLOG (LOG_ID, RESSOURCE_ID, INVENTAR_ID, DATUM) VALUES (5, 16, 1, '2026-01-05 17:20:00');
INSERT INTO INVENTARLOG (LOG_ID, RESSOURCE_ID, INVENTAR_ID, DATUM) VALUES (6, 3, 2, '2026-01-06 10:00:00');
INSERT INTO INVENTARLOG (LOG_ID, RESSOURCE_ID, INVENTAR_ID, DATUM) VALUES (7, 4, 2, '2026-01-07 11:30:00');
INSERT INTO INVENTARLOG (LOG_ID, RESSOURCE_ID, INVENTAR_ID, DATUM) VALUES (8, 9, 3, '2026-01-08 09:15:00');
INSERT INTO INVENTARLOG (LOG_ID, RESSOURCE_ID, INVENTAR_ID, DATUM) VALUES (9, 10, 3, '2026-01-09 14:45:00');
INSERT INTO INVENTARLOG (LOG_ID, RESSOURCE_ID, INVENTAR_ID, DATUM) VALUES (10, 8, 1, '2026-01-10 08:00:00');
INSERT INTO INVENTARLOG (LOG_ID, RESSOURCE_ID, INVENTAR_ID, DATUM) VALUES (11, 12, 1, '2026-01-11 16:20:00');


INSERT INTO TRANSPORTWEGE (TPW_ID, MITARBEITER_ID, LAGER_ID, FAHRZEUG_ID, ROUTE_ID, RF_ID, TF_ID, STADT_ID, DAUER, STREACKEN_TYP, TPW_STATUS) VALUES (1, 1, 1, 1, 1, NULL, 1, 1, 6, 'Oberfläche', 'abgeschlossen');
INSERT INTO TRANSPORTWEGE (TPW_ID, MITARBEITER_ID, LAGER_ID, FAHRZEUG_ID, ROUTE_ID, RF_ID, TF_ID, STADT_ID, DAUER, STREACKEN_TYP, TPW_STATUS) VALUES (2, 1, 2, 2, 2, NULL, 1, 2, 10, 'Untertunnel', 'aktiv');
INSERT INTO TRANSPORTWEGE (TPW_ID, MITARBEITER_ID, LAGER_ID, FAHRZEUG_ID, ROUTE_ID, RF_ID, TF_ID, STADT_ID, DAUER, STREACKEN_TYP, TPW_STATUS) VALUES (3, 13, 1, 1, 3, NULL, 1, 3, 15, 'Oberfläche', 'geplant');
INSERT INTO TRANSPORTWEGE (TPW_ID, MITARBEITER_ID, LAGER_ID, FAHRZEUG_ID, ROUTE_ID, RF_ID, TF_ID, STADT_ID, DAUER, STREACKEN_TYP, TPW_STATUS) VALUES (4, 12, 2, NULL, 2, 3, 1, 2, 480, 'Orbit-zu-Oberfläche', 'aktiv');


-- IST_GELAGERT_IN
INSERT INTO IST_GELAGERT_IN (LAGER_ID, RESSOURCE_ID) VALUES (1, 1);
INSERT INTO IST_GELAGERT_IN (LAGER_ID, RESSOURCE_ID) VALUES (1, 2);
INSERT INTO IST_GELAGERT_IN (LAGER_ID, RESSOURCE_ID) VALUES (1, 4);
INSERT INTO IST_GELAGERT_IN (LAGER_ID, RESSOURCE_ID) VALUES (1, 8);
INSERT INTO IST_GELAGERT_IN (LAGER_ID, RESSOURCE_ID) VALUES (1, 11);
INSERT INTO IST_GELAGERT_IN (LAGER_ID, RESSOURCE_ID) VALUES (1, 12);
INSERT INTO IST_GELAGERT_IN (LAGER_ID, RESSOURCE_ID) VALUES (1, 14);
INSERT INTO IST_GELAGERT_IN (LAGER_ID, RESSOURCE_ID) VALUES (1, 15);
INSERT INTO IST_GELAGERT_IN (LAGER_ID, RESSOURCE_ID) VALUES (2, 3);
INSERT INTO IST_GELAGERT_IN (LAGER_ID, RESSOURCE_ID) VALUES (2, 5);
INSERT INTO IST_GELAGERT_IN (LAGER_ID, RESSOURCE_ID) VALUES (2, 6);
INSERT INTO IST_GELAGERT_IN (LAGER_ID, RESSOURCE_ID) VALUES (2, 7);
INSERT INTO IST_GELAGERT_IN (LAGER_ID, RESSOURCE_ID) VALUES (2, 9);
INSERT INTO IST_GELAGERT_IN (LAGER_ID, RESSOURCE_ID) VALUES (2, 10);
INSERT INTO IST_GELAGERT_IN (LAGER_ID, RESSOURCE_ID) VALUES (2, 13);
INSERT INTO IST_GELAGERT_IN (LAGER_ID, RESSOURCE_ID) VALUES (2, 16);

-- TRANSPORTIERT
INSERT INTO TRANSPORTIERT (FAHRZEUG_ID, RESSOURCE_ID) VALUES (1, 2);
INSERT INTO TRANSPORTIERT (FAHRZEUG_ID, RESSOURCE_ID) VALUES (2, 3);

-- KOORDINATE
INSERT INTO KOORDINATE (ID, BREITENGRAD, LAENGENGRAD) VALUES (101, 53, 13);
INSERT INTO KOORDINATE (ID, BREITENGRAD, LAENGENGRAD) VALUES (102, 54, 10);
INSERT INTO KOORDINATE (ID, BREITENGRAD, LAENGENGRAD) VALUES (103, 48, 12);

-- STADT
INSERT INTO STADT (STADT_ID, STADT_NAME, KOORD_ID) VALUES (1, 'Vulcanis', 101);
INSERT INTO STADT (STADT_ID, STADT_NAME, KOORD_ID) VALUES (2, 'Aresburg', 102);
INSERT INTO STADT (STADT_ID, STADT_NAME, KOORD_ID) VALUES (3, 'Deimos Reach', 103);

-- TRANSFERFENSTER
INSERT INTO TRANSFERFENSTER (TF_ID, START_DATUM, END_DATUM, TS_TYP) VALUES (1, '2026-01-13 18:38:45', '2026-02-09 18:38:45', NULL);

-- VERSORGT_STADT
INSERT INTO VERSORGT_STADT (STADT_ID, EQ_ID) VALUES (1, 2);
INSERT INTO VERSORGT_STADT (STADT_ID, EQ_ID) VALUES (2, 2);
INSERT INTO VERSORGT_STADT (STADT_ID, EQ_ID) VALUES (3, 1);